{"learner":{"attributes":{"scikit_learn":"{\"n_estimators\": 100, \"objective\": \"reg:squarederror\", \"max_depth\": null, \"learning_rate\": null, \"verbosity\": null, \"booster\": null, \"tree_method\": null, \"gamma\": null, \"min_child_weight\": null, \"max_delta_step\": null, \"subsample\": null, \"colsample_bytree\": null, \"colsample_bylevel\": null, \"colsample_bynode\": null, \"reg_alpha\": null, \"reg_lambda\": null, \"scale_pos_weight\": null, \"base_score\": null, \"missing\": NaN, \"num_parallel_tree\": null, \"kwargs\": {}, \"random_state\": 0, \"n_jobs\": null, \"monotone_constraints\": null, \"interaction_constraints\": null, \"importance_type\": \"gain\", \"gpu_id\": null, \"validate_parameters\": null, \"_estimator_type\": \"regressor\"}"},"feature_names":["Year","Female_Literacy","Urban_pct","Obesity_pct","Tobacco_use_pct","Alcohol_use_pct","Screening_pct","Beds_per_1000"],"feature_types":["int","float","float","float","float","float","float","float"],"gradient_booster":{"model":{"gbtree_model_param":{"num_trees":"100","size_leaf_vector":"0"},"tree_info":[0,0,0,0,0,0,0,0,0,0,0,0,0,0,0,0,0,0,0,0,0,0,0,0,0,0,0,0,0,0,0,0,0,0,0,0,0,0,0,0,0,0,0,0,0,0,0,0,0,0,0,0,0,0,0,0,0,0,0,0,0,0,0,0,0,0,0,0,0,0,0,0,0,0,0,0,0,0,0,0,0,0,0,0,0,0,0,0,0,0,0,0,0,0,0,0,0,0,0,0],"trees":[{"base_weights":[3.4271427E1],"categories":[],"categories_nodes":[],"categories_segments":[],"categories_sizes":[],"default_left":[false],"id":0,"left_children":[-1],"loss_changes":[0E0],"parents":[2147483647],"right_children":[-1],"split_conditions":[1.0281428E1],"split_indices":[0],"split_type":[0],"sum_hessian":[2E1],"tree_param":{"num_deleted":"0","num_feature":"8","num_nodes":"1","size_leaf_vector":"0"}},{"base_weights":[2.4479591E1],"categories":[],"categories_nodes":[],"categories_segments":[],"categories_sizes":[],"default_left":[false],"id":1,"left_children":[-1],"loss_changes":[0E0],"parents":[2147483647],"right_children":[-1],"split_conditions":[7.343878E0],"split_indices":[0],"split_type":[0],"sum_hessian":[2E1],"tree_param":{"num_deleted":"0","num_feature":"8","num_nodes":"1","size_leaf_vector":"0"}},{"base_weights":[1.7485424E1],"categories":[],"categories_nodes":[],"categories_segments":[],"categories_sizes":[],"default_left":[false],"id":2,"left_children":[-1],"loss_changes":[0E0],"parents":[2147483647],"right_children":[-1],"split_conditions":[5.2456274E0],"split_indices":[0],"split_type":[0],"sum_hessian":[2E1],"tree_param":{"num_deleted":"0","num_feature":"8","num_nodes":"1","size_leaf_vector":"0"}},{"base_weights":[1.2489587E1],"categories":[],"categories_nodes":[],"categories_segments":[],"categories_sizes":[],"default_left":[false],"id":3,"left_children":[-1],"loss_changes":[0E0],"parents":[2147483647],"right_children":[-1],"split_conditions":[3.7468762E0],"split_indices":[0],"split_type":[0],"sum_hessian":[2E1],"tree_param":{"num_deleted":"0","num_feature":"8","num_nodes":"1","size_leaf_vector":"0"}},{"base_weights":[8.921134E0],"categories":[],"categories_nodes":[],"categories_segments":[],"categories_sizes":[],"default_left":[false],"id":4,"left_children":[-1],"loss_changes":[0E0],"parents":[2147483647],"right_children":[-1],"split_conditions":[2.6763403E0],"split_indices":[0],"split_type":[0],"sum_hessian":[2E1],"tree_param":{"num_deleted":"0","num_feature":"8","num_nodes":"1","size_leaf_vector":"0"}},{"base_weights":[6.3722386E0],"categories":[],"categories_nodes":[],"categories_segments":[],"categories_sizes":[],"default_left":[false],"id":5,"left_children":[-1],"loss_changes":[0E0],"parents":[2147483647],"right_children":[-1],"split_conditions":[1.9116716E0],"split_indices":[0],"split_type":[0],"sum_hessian":[2E1],"tree_param":{"num_deleted":"0","num_feature":"8","num_nodes":"1","size_leaf_vector":"0"}},{"base_weights":[4.551598E0,2.4468143E0,5.0564175E0],"categories":[],"categories_nodes":[],"categories_segments":[],"categories_sizes":[],"default_left":[true,false,false],"id":6,"left_children":[1,-1,-1],"loss_changes":[9.941132E0,0E0,0E0],"parents":[2147483647,0,0],"right_children":[2,-1,-1],"split_conditions":[2.0125E3,7.340443E-1,1.5169253E0],"split_indices":[0,0,0],"split_type":[0,0,0],"sum_hessian":[2E1,5E0,1.5E1],"tree_param":{"num_deleted":"0","num_feature":"8","num_nodes":"3","size_leaf_vector":"0"}},{"base_weights":[3.2933075E0,2.2079027E0,4.079321E0],"categories":[],"categories_nodes":[],"categories_segments":[],"categories_sizes":[],"default_left":[true,false,false],"id":7,"left_children":[1,-1,-1],"loss_changes":[8.909256E0,0E0,0E0],"parents":[2147483647,0,0],"right_children":[2,-1,-1],"split_conditions":[2.0135E3,6.623708E-1,1.2237964E0],"split_indices":[0,0,0],"split_type":[0,0,0],"sum_hessian":[2E1,1E1,1E1],"tree_param":{"num_deleted":"0","num_feature":"8","num_nodes":"3","size_leaf_vector":"0"}},{"base_weights":[2.3951316E0,1.6057458E0,2.966778E0],"categories":[],"categories_nodes":[],"categories_segments":[],"categories_sizes":[],"default_left":[true,false,false],"id":8,"left_children":[1,-1,-1],"loss_changes":[4.712349E0,0E0,0E0],"parents":[2147483647,0,0],"right_children":[2,-1,-1],"split_conditions":[2.0135E3,4.8172376E-1,8.900334E-1],"split_indices":[0,0,0],"split_type":[0,0,0],"sum_hessian":[2E1,1E1,1E1],"tree_param":{"num_deleted":"0","num_feature":"8","num_nodes":"3","size_leaf_vector":"0"}},{"base_weights":[1.7419138E0,1.1678151E0,2.1576567E0],"categories":[],"categories_nodes":[],"categories_segments":[],"categories_sizes":[],"default_left":[true,false,false],"id":9,"left_children":[1,-1,-1],"loss_changes":[2.4924812E0,0E0,0E0],"parents":[2147483647,0,0],"right_children":[2,-1,-1],"split_conditions":[2.0135E3,3.5034454E-1,6.47297E-1],"split_indices":[0,0,0],"split_type":[0,0,0],"sum_hessian":[2E1,1E1,1E1],"tree_param":{"num_deleted":"0","num_feature":"8","num_nodes":"3","size_leaf_vector":"0"}},{"base_weights":[1.266846E0,5.897433E-1,1.4415815E0],"categories":[],"categories_nodes":[],"categories_segments":[],"categories_sizes":[],"default_left":[true,false,false],"id":10,"left_children":[1,-1,-1],"loss_changes":[1.6344299E0,0E0,0E0],"parents":[2147483647,0,0],"right_children":[2,-1,-1],"split_conditions":[2.0125E3,1.76923E-1,4.3247446E-1],"split_indices":[0,0,0],"split_type":[0,0,0],"sum_hessian":[2E1,5E0,1.5E1],"tree_param":{"num_deleted":"0","num_feature":"8","num_nodes":"3","size_leaf_vector":"0"}},{"base_weights":[9.1581017E-1,6.808605E-1,1.3897076E0],"categories":[],"categories_nodes":[],"categories_segments":[],"categories_sizes":[],"default_left":[true,false,false],"id":11,"left_children":[1,-1,-1],"loss_changes":[1.3919868E0,0E0,0E0],"parents":[2147483647,0,0],"right_children":[2,-1,-1],"split_conditions":[2.0145E3,2.0425816E-1,4.169123E-1],"split_indices":[0,0,0],"split_type":[0,0,0],"sum_hessian":[2E1,1.5E1,5E0],"tree_param":{"num_deleted":"0","num_feature":"8","num_nodes":"3","size_leaf_vector":"0"}},{"base_weights":[6.7064685E-1,3.86631E-1,8.936948E-1],"categories":[],"categories_nodes":[],"categories_segments":[],"categories_sizes":[],"default_left":[true,false,false],"id":12,"left_children":[1,-1,-1],"loss_changes":[9.848013E-1,0E0,0E0],"parents":[2147483647,0,0],"right_children":[2,-1,-1],"split_conditions":[2.0135E3,1.15989305E-1,2.6810846E-1],"split_indices":[0,0,0],"split_type":[0,0,0],"sum_hessian":[2E1,1E1,1E1],"tree_param":{"num_deleted":"0","num_feature":"8","num_nodes":"3","size_leaf_vector":"0"}},{"base_weights":[4.8774302E-1,3.3309126E-1,8.188572E-1,1.7543538E-1,3.8880435E-1],"categories":[],"categories_nodes":[],"categories_segments":[],"categories_sizes":[],"default_left":[true,true,false,false,false],"id":13,"left_children":[1,3,-1,-1,-1],"loss_changes":[8.0260134E-1,7.2325945E-2,0E0,0E0,0E0],"parents":[2147483647,0,0,1,1],"right_children":[2,4,-1,-1,-1],"split_conditions":[2.0145E3,2.0125E3,2.4565716E-1,5.2630614E-2,1.16641305E-1],"split_indices":[0,0,0,0,0],"split_type":[0,0,0,0,0],"sum_hessian":[2E1,1.5E1,5E0,5E0,1E1],"tree_param":{"num_deleted":"0","num_feature":"8","num_nodes":"5","size_leaf_vector":"0"}},{"base_weights":[3.611777E-1,2.437427E-1,6.1414146E-1,1.315759E-1,2.8276616E-1],"categories":[],"categories_nodes":[],"categories_segments":[],"categories_sizes":[],"default_left":[true,true,false,false,false],"id":14,"left_children":[1,3,-1,-1,-1],"loss_changes":[4.7415018E-1,3.2828987E-2,0E0,0E0,0E0],"parents":[2147483647,0,0,1,1],"right_children":[2,4,-1,-1,-1],"split_conditions":[2.0145E3,2.0125E3,1.8424244E-1,3.947277E-2,8.482985E-2],"split_indices":[0,0,0,0,0],"split_type":[0,0,0,0,0],"sum_hessian":[2E1,1.5E1,5E0,5E0,1E1],"tree_param":{"num_deleted":"0","num_feature":"8","num_nodes":"5","size_leaf_vector":"0"}},{"base_weights":[2.67516E-1,1.783874E-1,4.6060625E-1,9.8680496E-2,2.0564686E-1],"categories":[],"categories_nodes":[],"categories_segments":[],"categories_sizes":[],"default_left":[true,true,false,false,false],"id":15,"left_children":[1,3,-1,-1,-1],"loss_changes":[2.7924085E-1,1.4470935E-2,0E0,0E0,0E0],"parents":[2147483647,0,0,1,1],"right_children":[2,4,-1,-1,-1],"split_conditions":[2.0145E3,2.0125E3,1.3818188E-1,2.960415E-2,6.169406E-2],"split_indices":[0,0,0,0,0],"split_type":[0,0,0,0,0],"sum_hessian":[2E1,1.5E1,5E0,5E0,1E1],"tree_param":{"num_deleted":"0","num_feature":"8","num_nodes":"5","size_leaf_vector":"0"}},{"base_weights":[1.9818752E-1,1.3057613E-1,3.4545326E-1,7.400894E-2,1.495604E-1],"categories":[],"categories_nodes":[],"categories_segments":[],"categories_sizes":[],"default_left":[true,true,false,false,false],"id":16,"left_children":[1,3,-1,-1,-1],"loss_changes":[1.6398567E-1,6.11338E-3,0E0,0E0,0E0],"parents":[2147483647,0,0,1,1],"right_children":[2,4,-1,-1,-1],"split_conditions":[2.0145E3,2.0125E3,1.0363598E-1,2.2202684E-2,4.4868123E-2],"split_indices":[0,0,0,0,0],"split_type":[0,0,0,0,0],"sum_hessian":[2E1,1.5E1,5E0,5E0,1E1],"tree_param":{"num_deleted":"0","num_feature":"8","num_nodes":"5","size_leaf_vector":"0"}},{"base_weights":[1.4685985E-1,9.559536E-2,2.5908852E-1,5.550766E-2,1.0877089E-1],"categories":[],"categories_nodes":[],"categories_segments":[],"categories_sizes":[],"default_left":[true,true,false,false,false],"id":17,"left_children":[1,3,-1,-1,-1],"loss_changes":[9.605259E-2,2.4132133E-3,0E0,0E0,0E0],"parents":[2147483647,0,0,1,1],"right_children":[2,4,-1,-1,-1],"split_conditions":[2.0145E3,2.0125E3,7.772656E-2,1.66523E-2,3.263127E-2],"split_indices":[0,0,0,0,0],"split_type":[0,0,0,0,0],"sum_hessian":[2E1,1.5E1,5E0,5E0,1E1],"tree_param":{"num_deleted":"0","num_feature":"8","num_nodes":"5","size_leaf_vector":"0"}},{"base_weights":[1.08850025E-1,6.999755E-2,1.9431496E-1,4.16317E-2,7.910642E-2],"categories":[],"categories_nodes":[],"categories_segments":[],"categories_sizes":[],"default_left":[true,true,false,false,false],"id":18,"left_children":[1,3,-1,-1,-1],"loss_changes":[5.6129456E-2,8.4076077E-4,0E0,0E0,0E0],"parents":[2147483647,0,0,1,1],"right_children":[2,4,-1,-1,-1],"split_conditions":[2.0145E3,2.0125E3,5.829449E-2,1.248951E-2,2.3731926E-2],"split_indices":[0,0,0,0,0],"split_type":[0,0,0,0,0],"sum_hessian":[2E1,1.5E1,5E0,5E0,1E1],"tree_param":{"num_deleted":"0","num_feature":"8","num_nodes":"5","size_leaf_vector":"0"}},{"base_weights":[8.069574E-2,5.1262617E-2,1.4573479E-1,3.6889162E-2,6.907018E-2],"categories":[],"categories_nodes":[],"categories_segments":[],"categories_sizes":[],"default_left":[true,true,false,false,false],"id":19,"left_children":[1,3,-1,-1,-1],"loss_changes":[3.2729596E-2,1.5473589E-3,0E0,0E0,0E0],"parents":[2147483647,0,0,1,1],"right_children":[2,4,-1,-1,-1],"split_conditions":[2.0145E3,2.0135E3,4.372044E-2,1.1066749E-2,2.0721056E-2],"split_indices":[0,0,0,0,0],"split_type":[0,0,0,0,0],"sum_hessian":[2E1,1.5E1,5E0,1E1,5E0],"tree_param":{"num_deleted":"0","num_feature":"8","num_nodes":"5","size_leaf_vector":"0"}},{"base_weights":[6.0082752E-2,3.7870646E-2,1.0930125E-1,2.6828766E-2,5.180232E-2],"categories":[],"categories_nodes":[],"categories_segments":[],"categories_sizes":[],"default_left":[true,true,false,false,false],"id":20,"left_children":[1,3,-1,-1,-1],"loss_changes":[1.8818863E-2,1.0715164E-3,0E0,0E0,0E0],"parents":[2147483647,0,0,1,1],"right_children":[2,4,-1,-1,-1],"split_conditions":[2.0145E3,2.0135E3,3.2790374E-2,8.04863E-3,1.5540696E-2],"split_indices":[0,0,0,0,0],"split_type":[0,0,0,0,0],"sum_hessian":[2E1,1.5E1,5E0,1E1,5E0],"tree_param":{"num_deleted":"0","num_feature":"8","num_nodes":"5","size_leaf_vector":"0"}},{"base_weights":[4.474222E-2,2.7983427E-2,8.19753E-2,1.9511484E-2,3.885142E-2],"categories":[],"categories_nodes":[],"categories_segments":[],"categories_sizes":[],"default_left":[true,true,false,false,false],"id":21,"left_children":[1,3,-1,-1,-1],"loss_changes":[1.080966E-2,7.1511976E-4,0E0,0E0,0E0],"parents":[2147483647,0,0,1,1],"right_children":[2,4,-1,-1,-1],"split_conditions":[2.0145E3,2.0135E3,2.4592591E-2,5.8534453E-3,1.1655427E-2],"split_indices":[0,0,0,0,0],"split_type":[0,0,0,0,0],"sum_hessian":[2E1,1.5E1,5E0,1E1,5E0],"tree_param":{"num_deleted":"0","num_feature":"8","num_nodes":"5","size_leaf_vector":"0"}},{"base_weights":[3.3325378E-2,2.0684242E-2,6.148084E-2,1.4191714E-2,2.9139837E-2],"categories":[],"categories_nodes":[],"categories_segments":[],"categories_sizes":[],"default_left":[true,true,false,false,false],"id":22,"left_children":[1,3,-1,-1,-1],"loss_changes":[6.202573E-3,4.6482682E-4,0E0,0E0,0E0],"parents":[2147483647,0,0,1,1],"right_children":[2,4,-1,-1,-1],"split_conditions":[2.0145E3,2.0135E3,1.8444253E-2,4.2575146E-3,8.741952E-3],"split_indices":[0,0,0,0,0],"split_type":[0,0,0,0,0],"sum_hessian":[2E1,1.5E1,5E0,1E1,5E0],"tree_param":{"num_deleted":"0","num_feature":"8","num_nodes":"5","size_leaf_vector":"0"}},{"base_weights":[2.482496E-2,1.5291214E-2,4.611079E-2,6.87027E-3,1.8494345E-2],"categories":[],"categories_nodes":[],"categories_segments":[],"categories_sizes":[],"default_left":[true,true,false,false,false],"id":23,"left_children":[1,3,-1,-1,-1],"loss_changes":[3.556517E-3,3.0451315E-4,0E0,0E0,0E0],"parents":[2147483647,0,0,1,1],"right_children":[2,4,-1,-1,-1],"split_conditions":[2.0145E3,2.0125E3,1.3833238E-2,2.0610811E-3,5.548304E-3],"split_indices":[0,0,0,0,0],"split_type":[0,0,0,0,0],"sum_hessian":[2E1,1.5E1,5E0,5E0,1E1],"tree_param":{"num_deleted":"0","num_feature":"8","num_nodes":"5","size_leaf_vector":"0"}},{"base_weights":[1.839992E-2,6.8640276E-3,2.8263092E-2,1.7231623E-2,3.4584045E-2],"categories":[],"categories_nodes":[],"categories_segments":[],"categories_sizes":[],"default_left":[true,false,true,false,false],"id":24,"left_children":[1,-1,3,-1,-1],"loss_changes":[2.1953918E-3,0E0,1.7108396E-4,0E0,0E0],"parents":[2147483647,0,0,2,2],"right_children":[2,-1,4,-1,-1],"split_conditions":[2.0135E3,2.0592085E-3,2.0145E3,5.169487E-3,1.0375214E-2],"split_indices":[0,0,0,0,0],"split_type":[0,0,0,0,0],"sum_hessian":[2E1,1E1,1E1,5E0,5E0],"tree_param":{"num_deleted":"0","num_feature":"8","num_nodes":"5","size_leaf_vector":"0"}},{"base_weights":[1.3717833E-2,4.991358E-3,2.1197231E-2,1.2924194E-2,2.5937399E-2],"categories":[],"categories_nodes":[],"categories_segments":[],"categories_sizes":[],"default_left":[true,false,true,false,false],"id":25,"left_children":[1,-1,3,-1,-1],"loss_changes":[1.2648418E-3,0E0,9.615114E-5,0E0,0E0],"parents":[2147483647,0,0,2,2],"right_children":[2,-1,4,-1,-1],"split_conditions":[2.0135E3,1.4974076E-3,2.0145E3,3.8772584E-3,7.78122E-3],"split_indices":[0,0,0,0,0],"split_type":[0,0,0,0,0],"sum_hessian":[2E1,1E1,1E1,5E0,5E0],"tree_param":{"num_deleted":"0","num_feature":"8","num_nodes":"5","size_leaf_vector":"0"}},{"base_weights":[1.0228293E-2,3.6284707E-3,1.589827E-2,2.1877289E-3,4.4644675E-3,9.694417E-3,1.9452414E-2],"categories":[],"categories_nodes":[],"categories_segments":[],"categories_sizes":[],"default_left":[true,true,true,false,false,false,false],"id":26,"left_children":[1,3,5,-1,-1,-1,-1],"loss_changes":[7.281513E-4,3.4819677E-6,5.396339E-5,0E0,0E0,0E0,0E0],"parents":[2147483647,0,0,1,1,2,2],"right_children":[2,4,6,-1,-1,-1,-1],"split_conditions":[2.0135E3,2.0125E3,2.0145E3,6.563187E-4,1.3393403E-3,2.9083253E-3,5.835724E-3],"split_indices":[0,0,0,0,0,0,0],"split_type":[0,0,0,0,0,0,0],"sum_hessian":[2E1,1E1,1E1,5E0,5E0,5E0,5E0],"tree_param":{"num_deleted":"0","num_feature":"8","num_nodes":"7","size_leaf_vector":"0"}},{"base_weights":[7.671538E-3,2.721613E-3,1.192405E-2,1.6409556E-3,3.3486683E-3,7.2720847E-3,1.4588674E-2],"categories":[],"categories_nodes":[],"categories_segments":[],"categories_sizes":[],"default_left":[true,true,true,false,false,false,false],"id":27,"left_children":[1,3,5,-1,-1,-1,-1],"loss_changes":[4.0958938E-4,1.958928E-6,3.0262978E-5,0E0,0E0,0E0,0E0],"parents":[2147483647,0,0,1,1,2,2],"right_children":[2,4,6,-1,-1,-1,-1],"split_conditions":[2.0135E3,2.0125E3,2.0145E3,4.922867E-4,1.0046005E-3,2.1816255E-3,4.3766024E-3],"split_indices":[0,0,0,0,0,0,0],"split_type":[0,0,0,0,0,0,0],"sum_hessian":[2E1,1E1,1E1,5E0,5E0,5E0,5E0],"tree_param":{"num_deleted":"0","num_feature":"8","num_nodes":"7","size_leaf_vector":"0"}},{"base_weights":[5.7541984E-3,2.0419033E-3,8.9433845E-3,1.2308756E-3,2.512614E-3,5.4537454E-3,1.0942459E-2],"categories":[],"categories_nodes":[],"categories_segments":[],"categories_sizes":[],"default_left":[true,true,true,false,false,false,false],"id":28,"left_children":[1,3,5,-1,-1,-1,-1],"loss_changes":[2.3036165E-4,1.1066404E-6,1.7059094E-5,0E0,0E0,0E0,0E0],"parents":[2147483647,0,0,1,1,2,2],"right_children":[2,4,6,-1,-1,-1,-1],"split_conditions":[2.0135E3,2.0125E3,2.0145E3,3.692627E-4,7.5378426E-4,1.6361236E-3,3.282738E-3],"split_indices":[0,0,0,0,0,0,0],"split_type":[0,0,0,0,0,0,0],"sum_hessian":[2E1,1E1,1E1,5E0,5E0,5E0,5E0],"tree_param":{"num_deleted":"0","num_feature":"8","num_nodes":"7","size_leaf_vector":"0"}},{"base_weights":[4.314604E-3,1.5303872E-3,6.7065847E-3,4.089991E-3,8.205414E-3],"categories":[],"categories_nodes":[],"categories_segments":[],"categories_sizes":[],"default_left":[true,false,true,false,false],"id":29,"left_children":[1,-1,3,-1,-1],"loss_changes":[1.2959196E-4,6.2173604E-7,9.58005E-6,0E0,0E0],"parents":[2147483647,0,0,2,2],"right_children":[2,-1,4,-1,-1],"split_conditions":[2.0135E3,4.5911619E-4,2.0145E3,1.2269974E-3,2.4616243E-3],"split_indices":[0,0,0,0,0],"split_type":[0,0,0,0,0],"sum_hessian":[2E1,1E1,1E1,5E0,5E0],"tree_param":{"num_deleted":"0","num_feature":"8","num_nodes":"5","size_leaf_vector":"0"}},{"base_weights":[3.218333E-3,1.1142384E-3,5.0298516E-3,5.410512E-4,1.5017191E-3,3.0663807E-3,6.155014E-3],"categories":[],"categories_nodes":[],"categories_segments":[],"categories_sizes":[],"default_left":[true,true,true,false,false,false,false],"id":30,"left_children":[1,3,5,-1,-1,-1,-1],"loss_changes":[7.4439304E-5,1.630583E-6,5.4278353E-6,0E0,0E0,0E0,0E0],"parents":[2147483647,0,0,1,1,2,2],"right_children":[2,4,6,-1,-1,-1,-1],"split_conditions":[2.0135E3,2.0125E3,2.0145E3,1.6231537E-4,4.5051574E-4,9.199143E-4,1.8465043E-3],"split_indices":[0,0,0,0,0,0,0],"split_type":[0,0,0,0,0,0,0],"sum_hessian":[2E1,1E1,1E1,5E0,5E0,5E0,5E0],"tree_param":{"num_deleted":"0","num_feature":"8","num_nodes":"7","size_leaf_vector":"0"}},{"base_weights":[2.4136135E-3,8.350719E-4,3.7727356E-3,2.3002625E-3,4.6164193E-3],"categories":[],"categories_nodes":[],"categories_segments":[],"categories_sizes":[],"default_left":[true,false,true,false,false],"id":31,"left_children":[1,-1,3,-1,-1],"loss_changes":[4.1903535E-5,9.2569917E-7,3.0463416E-6,0E0,0E0],"parents":[2147483647,0,0,2,2],"right_children":[2,-1,4,-1,-1],"split_conditions":[2.0135E3,2.5052158E-4,2.0145E3,6.9007877E-4,1.3849258E-3],"split_indices":[0,0,0,0,0],"split_type":[0,0,0,0,0],"sum_hessian":[2E1,1E1,1E1,5E0,5E0],"tree_param":{"num_deleted":"0","num_feature":"8","num_nodes":"5","size_leaf_vector":"0"}},{"base_weights":[1.7996288E-3,6.0619006E-4,2.829465E-3,1.9454956E-4,9.167989E-4,1.7248789E-3,3.4624736E-3],"categories":[],"categories_nodes":[],"categories_segments":[],"categories_sizes":[],"default_left":[true,true,true,false,false,false,false],"id":32,"left_children":[1,3,5,-1,-1,-1,-1],"loss_changes":[2.4094785E-5,1.228088E-6,1.7189814E-6,0E0,0E0,0E0,0E0],"parents":[2147483647,0,0,1,1,2,2],"right_children":[2,4,6,-1,-1,-1,-1],"split_conditions":[2.0135E3,2.0125E3,2.0145E3,5.836487E-5,2.7503967E-4,5.174637E-4,1.0387421E-3],"split_indices":[0,0,0,0,0,0,0],"split_type":[0,0,0,0,0,0,0],"sum_hessian":[2E1,1E1,1E1,5E0,5E0,5E0,5E0],"tree_param":{"num_deleted":"0","num_feature":"8","num_nodes":"7","size_leaf_vector":"0"}},{"base_weights":[1.3500395E-3,4.5533615E-4,2.122012E-3],"categories":[],"categories_nodes":[],"categories_segments":[],"categories_sizes":[],"default_left":[true,false,false],"id":33,"left_children":[1,-1,-1],"loss_changes":[1.3538185E-5,6.88156E-7,9.834403E-7],"parents":[2147483647,0,0],"right_children":[2,-1,-1],"split_conditions":[2.0135E3,1.3660085E-4,6.366036E-4],"split_indices":[0,0,0],"split_type":[0,0,0],"sum_hessian":[2E1,1E1,1E1],"tree_param":{"num_deleted":"0","num_feature":"8","num_nodes":"3","size_leaf_vector":"0"}},{"base_weights":[9.812855E-4,5.1283836E-4,2.06693E-3,3.2424927E-5,7.282604E-4],"categories":[],"categories_nodes":[],"categories_segments":[],"categories_sizes":[],"default_left":[true,true,false,false,false],"id":34,"left_children":[1,3,-1,-1,-1],"loss_changes":[9.619907E-6,1.6322524E-6,0E0,0E0,0E0],"parents":[2147483647,0,0,1,1],"right_children":[2,4,-1,-1,-1],"split_conditions":[2.0145E3,2.0125E3,6.2007905E-4,9.727479E-6,2.1847812E-4],"split_indices":[0,0,0,0,0],"split_type":[0,0,0,0,0],"sum_hessian":[2E1,1.5E1,5E0,5E0,1E1],"tree_param":{"num_deleted":"0","num_feature":"8","num_nodes":"5","size_leaf_vector":"0"}},{"base_weights":[7.269723E-4,3.733635E-4,1.5487671E-3],"categories":[],"categories_nodes":[],"categories_segments":[],"categories_sizes":[],"default_left":[true,false,false],"id":35,"left_children":[1,-1,-1],"loss_changes":[5.524218E-6,8.695183E-7,0E0],"parents":[2147483647,0,0],"right_children":[2,-1,-1],"split_conditions":[2.0145E3,1.1200905E-4,4.6463014E-4],"split_indices":[0,0,0],"split_type":[0,0,0],"sum_hessian":[2E1,1.5E1,5E0],"tree_param":{"num_deleted":"0","num_feature":"8","num_nodes":"3","size_leaf_vector":"0"}},{"base_weights":[5.371457E-4,2.696514E-4,1.1609396E-3],"categories":[],"categories_nodes":[],"categories_segments":[],"categories_sizes":[],"default_left":[true,false,false],"id":36,"left_children":[1,-1,-1],"loss_changes":[3.1910386E-6,8.995182E-7,0E0],"parents":[2147483647,0,0],"right_children":[2,-1,-1],"split_conditions":[2.0145E3,8.089543E-5,3.4828187E-4],"split_indices":[0,0,0],"split_type":[0,0,0],"sum_hessian":[2E1,1.5E1,5E0],"tree_param":{"num_deleted":"0","num_feature":"8","num_nodes":"3","size_leaf_vector":"0"}},{"base_weights":[3.9727348E-4,5.305897E-5,7.053722E-4],"categories":[],"categories_nodes":[],"categories_segments":[],"categories_sizes":[],"default_left":[true,false,false],"id":37,"left_children":[1,-1,-1],"loss_changes":[2.189667E-6,4.0676593E-7,1.5177511E-7],"parents":[2147483647,0,0],"right_children":[2,-1,-1],"split_conditions":[2.0135E3,1.5917693E-5,2.1161167E-4],"split_indices":[0,0,0],"split_type":[0,0,0],"sum_hessian":[2E1,1E1,1E1],"tree_param":{"num_deleted":"0","num_feature":"8","num_nodes":"3","size_leaf_vector":"0"}},{"base_weights":[2.9009866E-4,-1.487732E-4,4.3654442E-4],"categories":[],"categories_nodes":[],"categories_segments":[],"categories_sizes":[],"default_left":[true,false,false],"id":38,"left_children":[1,-1,-1],"loss_changes":[1.4146356E-6,0E0,5.788602E-7],"parents":[2147483647,0,0],"right_children":[2,-1,-1],"split_conditions":[2.0125E3,-4.463196E-5,1.3096334E-4],"split_indices":[0,0,0],"split_type":[0,0,0],"sum_hessian":[2E1,5E0,1.5E1],"tree_param":{"num_deleted":"0","num_feature":"8","num_nodes":"3","size_leaf_vector":"0"}},{"base_weights":[2.0835514E-4,5.2690506E-5,5.887349E-4],"categories":[],"categories_nodes":[],"categories_segments":[],"categories_sizes":[],"default_left":[true,false,false],"id":39,"left_children":[1,-1,-1],"loss_changes":[1.2124246E-6,2.35414E-7,0E0],"parents":[2147483647,0,0],"right_children":[2,-1,-1],"split_conditions":[2.0145E3,1.5807153E-5,1.7662048E-4],"split_indices":[0,0,0],"split_type":[0,0,0],"sum_hessian":[2E1,1.5E1,5E0],"tree_param":{"num_deleted":"0","num_feature":"8","num_nodes":"3","size_leaf_vector":"0"}},{"base_weights":[1.5567598E-4],"categories":[],"categories_nodes":[],"categories_segments":[],"categories_sizes":[],"default_left":[false],"id":40,"left_children":[-1],"loss_changes":[6.895032E-7],"parents":[2147483647],"right_children":[-1],"split_conditions":[4.6702797E-5],"split_indices":[0],"split_type":[0],"sum_hessian":[2E1],"tree_param":{"num_deleted":"0","num_feature":"8","num_nodes":"1","size_leaf_vector":"0"}},{"base_weights":[1.1207944E-4],"categories":[],"categories_nodes":[],"categories_segments":[],"categories_sizes":[],"default_left":[false],"id":41,"left_children":[-1],"loss_changes":[7.1756244E-7],"parents":[2147483647],"right_children":[-1],"split_conditions":[3.3623834E-5],"split_indices":[0],"split_type":[0],"sum_hessian":[2E1],"tree_param":{"num_deleted":"0","num_feature":"8","num_nodes":"1","size_leaf_vector":"0"}},{"base_weights":[7.9382036E-5],"categories":[],"categories_nodes":[],"categories_segments":[],"categories_sizes":[],"default_left":[false],"id":42,"left_children":[-1],"loss_changes":[7.3635584E-7],"parents":[2147483647],"right_children":[-1],"split_conditions":[2.3814611E-5],"split_indices":[0],"split_type":[0],"sum_hessian":[2E1],"tree_param":{"num_deleted":"0","num_feature":"8","num_nodes":"1","size_leaf_vector":"0"}},{"base_weights":[5.7583762E-5],"categories":[],"categories_nodes":[],"categories_segments":[],"categories_sizes":[],"default_left":[false],"id":43,"left_children":[-1],"loss_changes":[7.4781286E-7],"parents":[2147483647],"right_children":[-1],"split_conditions":[1.727513E-5],"split_indices":[0],"split_type":[0],"sum_hessian":[2E1],"tree_param":{"num_deleted":"0","num_feature":"8","num_nodes":"1","size_leaf_vector":"0"}},{"base_weights":[3.9418537E-5],"categories":[],"categories_nodes":[],"categories_segments":[],"categories_sizes":[],"default_left":[false],"id":44,"left_children":[-1],"loss_changes":[7.567054E-7],"parents":[2147483647],"right_children":[-1],"split_conditions":[1.1825562E-5],"split_indices":[0],"split_type":[0],"sum_hessian":[2E1],"tree_param":{"num_deleted":"0","num_feature":"8","num_nodes":"1","size_leaf_vector":"0"}},{"base_weights":[2.8519404E-5],"categories":[],"categories_nodes":[],"categories_segments":[],"categories_sizes":[],"default_left":[false],"id":45,"left_children":[-1],"loss_changes":[7.61755E-7],"parents":[2147483647],"right_children":[-1],"split_conditions":[8.555821E-6],"split_indices":[0],"split_type":[0],"sum_hessian":[2E1],"tree_param":{"num_deleted":"0","num_feature":"8","num_nodes":"1","size_leaf_vector":"0"}},{"base_weights":[2.1253314E-5],"categories":[],"categories_nodes":[],"categories_segments":[],"categories_sizes":[],"default_left":[false],"id":46,"left_children":[-1],"loss_changes":[7.6500237E-7],"parents":[2147483647],"right_children":[-1],"split_conditions":[6.3759944E-6],"split_indices":[0],"split_type":[0],"sum_hessian":[2E1],"tree_param":{"num_deleted":"0","num_feature":"8","num_nodes":"1","size_leaf_vector":"0"}},{"base_weights":[1.3987224E-5],"categories":[],"categories_nodes":[],"categories_segments":[],"categories_sizes":[],"default_left":[false],"id":47,"left_children":[-1],"loss_changes":[7.681544E-7],"parents":[2147483647],"right_children":[-1],"split_conditions":[4.196167E-6],"split_indices":[0],"split_type":[0],"sum_hessian":[2E1],"tree_param":{"num_deleted":"0","num_feature":"8","num_nodes":"1","size_leaf_vector":"0"}},{"base_weights":[1.0354178E-5],"categories":[],"categories_nodes":[],"categories_segments":[],"categories_sizes":[],"default_left":[false],"id":48,"left_children":[-1],"loss_changes":[7.696947E-7],"parents":[2147483647],"right_children":[-1],"split_conditions":[3.1062534E-6],"split_indices":[0],"split_type":[0],"sum_hessian":[2E1],"tree_param":{"num_deleted":"0","num_feature":"8","num_nodes":"1","size_leaf_vector":"0"}},{"base_weights":[6.721133E-6],"categories":[],"categories_nodes":[],"categories_segments":[],"categories_sizes":[],"default_left":[false],"id":49,"left_children":[-1],"loss_changes":[7.7121115E-7],"parents":[2147483647],"right_children":[-1],"split_conditions":[2.01634E-6],"split_indices":[0],"split_type":[0],"sum_hessian":[2E1],"tree_param":{"num_deleted":"0","num_feature":"8","num_nodes":"1","size_leaf_vector":"0"}},{"base_weights":[3.0880883E-6],"categories":[],"categories_nodes":[],"categories_segments":[],"categories_sizes":[],"default_left":[false],"id":50,"left_children":[-1],"loss_changes":[7.727038E-7],"parents":[2147483647],"right_children":[-1],"split_conditions":[9.2642654E-7],"split_indices":[0],"split_type":[0],"sum_hessian":[2E1],"tree_param":{"num_deleted":"0","num_feature":"8","num_nodes":"1","size_leaf_vector":"0"}},{"base_weights":[3.0880883E-6],"categories":[],"categories_nodes":[],"categories_segments":[],"categories_sizes":[],"default_left":[false],"id":51,"left_children":[-1],"loss_changes":[7.727038E-7],"parents":[2147483647],"right_children":[-1],"split_conditions":[9.2642654E-7],"split_indices":[0],"split_type":[0],"sum_hessian":[2E1],"tree_param":{"num_deleted":"0","num_feature":"8","num_nodes":"1","size_leaf_vector":"0"}},{"base_weights":[3.0880883E-6],"categories":[],"categories_nodes":[],"categories_segments":[],"categories_sizes":[],"default_left":[false],"id":52,"left_children":[-1],"loss_changes":[7.727038E-7],"parents":[2147483647],"right_children":[-1],"split_conditions":[9.2642654E-7],"split_indices":[0],"split_type":[0],"sum_hessian":[2E1],"tree_param":{"num_deleted":"0","num_feature":"8","num_nodes":"1","size_leaf_vector":"0"}},{"base_weights":[3.0880883E-6],"categories":[],"categories_nodes":[],"categories_segments":[],"categories_sizes":[],"default_left":[false],"id":53,"left_children":[-1],"loss_changes":[7.727038E-7],"parents":[2147483647],"right_children":[-1],"split_conditions":[9.2642654E-7],"split_indices":[0],"split_type":[0],"sum_hessian":[2E1],"tree_param":{"num_deleted":"0","num_feature":"8","num_nodes":"1","size_leaf_vector":"0"}},{"base_weights":[3.0880883E-6],"categories":[],"categories_nodes":[],"categories_segments":[],"categories_sizes":[],"default_left":[false],"id":54,"left_children":[-1],"loss_changes":[7.727038E-7],"parents":[2147483647],"right_children":[-1],"split_conditions":[9.2642654E-7],"split_indices":[0],"split_type":[0],"sum_hessian":[2E1],"tree_param":{"num_deleted":"0","num_feature":"8","num_nodes":"1","size_leaf_vector":"0"}},{"base_weights":[3.0880883E-6],"categories":[],"categories_nodes":[],"categories_segments":[],"categories_sizes":[],"default_left":[false],"id":55,"left_children":[-1],"loss_changes":[7.727038E-7],"parents":[2147483647],"right_children":[-1],"split_conditions":[9.2642654E-7],"split_indices":[0],"split_type":[0],"sum_hessian":[2E1],"tree_param":{"num_deleted":"0","num_feature":"8","num_nodes":"1","size_leaf_vector":"0"}},{"base_weights":[3.0880883E-6],"categories":[],"categories_nodes":[],"categories_segments":[],"categories_sizes":[],"default_left":[false],"id":56,"left_children":[-1],"loss_changes":[7.727038E-7],"parents":[2147483647],"right_children":[-1],"split_conditions":[9.2642654E-7],"split_indices":[0],"split_type":[0],"sum_hessian":[2E1],"tree_param":{"num_deleted":"0","num_feature":"8","num_nodes":"1","size_leaf_vector":"0"}},{"base_weights":[3.0880883E-6],"categories":[],"categories_nodes":[],"categories_segments":[],"categories_sizes":[],"default_left":[false],"id":57,"left_children":[-1],"loss_changes":[7.727038E-7],"parents":[2147483647],"right_children":[-1],"split_conditions":[9.2642654E-7],"split_indices":[0],"split_type":[0],"sum_hessian":[2E1],"tree_param":{"num_deleted":"0","num_feature":"8","num_nodes":"1","size_leaf_vector":"0"}},{"base_weights":[3.0880883E-6],"categories":[],"categories_nodes":[],"categories_segments":[],"categories_sizes":[],"default_left":[false],"id":58,"left_children":[-1],"loss_changes":[7.727038E-7],"parents":[2147483647],"right_children":[-1],"split_conditions":[9.2642654E-7],"split_indices":[0],"split_type":[0],"sum_hessian":[2E1],"tree_param":{"num_deleted":"0","num_feature":"8","num_nodes":"1","size_leaf_vector":"0"}},{"base_weights":[3.0880883E-6],"categories":[],"categories_nodes":[],"categories_segments":[],"categories_sizes":[],"default_left":[false],"id":59,"left_children":[-1],"loss_changes":[7.727038E-7],"parents":[2147483647],"right_children":[-1],"split_conditions":[9.2642654E-7],"split_indices":[0],"split_type":[0],"sum_hessian":[2E1],"tree_param":{"num_deleted":"0","num_feature":"8","num_nodes":"1","size_leaf_vector":"0"}},{"base_weights":[3.0880883E-6],"categories":[],"categories_nodes":[],"categories_segments":[],"categories_sizes":[],"default_left":[false],"id":60,"left_children":[-1],"loss_changes":[7.727038E-7],"parents":[2147483647],"right_children":[-1],"split_conditions":[9.2642654E-7],"split_indices":[0],"split_type":[0],"sum_hessian":[2E1],"tree_param":{"num_deleted":"0","num_feature":"8","num_nodes":"1","size_leaf_vector":"0"}},{"base_weights":[3.0880883E-6],"categories":[],"categories_nodes":[],"categories_segments":[],"categories_sizes":[],"default_left":[false],"id":61,"left_children":[-1],"loss_changes":[7.727038E-7],"parents":[2147483647],"right_children":[-1],"split_conditions":[9.2642654E-7],"split_indices":[0],"split_type":[0],"sum_hessian":[2E1],"tree_param":{"num_deleted":"0","num_feature":"8","num_nodes":"1","size_leaf_vector":"0"}},{"base_weights":[3.0880883E-6],"categories":[],"categories_nodes":[],"categories_segments":[],"categories_sizes":[],"default_left":[false],"id":62,"left_children":[-1],"loss_changes":[7.727038E-7],"parents":[2147483647],"right_children":[-1],"split_conditions":[9.2642654E-7],"split_indices":[0],"split_type":[0],"sum_hessian":[2E1],"tree_param":{"num_deleted":"0","num_feature":"8","num_nodes":"1","size_leaf_vector":"0"}},{"base_weights":[3.0880883E-6],"categories":[],"categories_nodes":[],"categories_segments":[],"categories_sizes":[],"default_left":[false],"id":63,"left_children":[-1],"loss_changes":[7.727038E-7],"parents":[2147483647],"right_children":[-1],"split_conditions":[9.2642654E-7],"split_indices":[0],"split_type":[0],"sum_hessian":[2E1],"tree_param":{"num_deleted":"0","num_feature":"8","num_nodes":"1","size_leaf_vector":"0"}},{"base_weights":[3.0880883E-6],"categories":[],"categories_nodes":[],"categories_segments":[],"categories_sizes":[],"default_left":[false],"id":64,"left_children":[-1],"loss_changes":[7.727038E-7],"parents":[2147483647],"right_children":[-1],"split_conditions":[9.2642654E-7],"split_indices":[0],"split_type":[0],"sum_hessian":[2E1],"tree_param":{"num_deleted":"0","num_feature":"8","num_nodes":"1","size_leaf_vector":"0"}},{"base_weights":[3.0880883E-6],"categories":[],"categories_nodes":[],"categories_segments":[],"categories_sizes":[],"default_left":[false],"id":65,"left_children":[-1],"loss_changes":[7.727038E-7],"parents":[2147483647],"right_children":[-1],"split_conditions":[9.2642654E-7],"split_indices":[0],"split_type":[0],"sum_hessian":[2E1],"tree_param":{"num_deleted":"0","num_feature":"8","num_nodes":"1","size_leaf_vector":"0"}},{"base_weights":[3.0880883E-6],"categories":[],"categories_nodes":[],"categories_segments":[],"categories_sizes":[],"default_left":[false],"id":66,"left_children":[-1],"loss_changes":[7.727038E-7],"parents":[2147483647],"right_children":[-1],"split_conditions":[9.2642654E-7],"split_indices":[0],"split_type":[0],"sum_hessian":[2E1],"tree_param":{"num_deleted":"0","num_feature":"8","num_nodes":"1","size_leaf_vector":"0"}},{"base_weights":[3.0880883E-6],"categories":[],"categories_nodes":[],"categories_segments":[],"categories_sizes":[],"default_left":[false],"id":67,"left_children":[-1],"loss_changes":[7.727038E-7],"parents":[2147483647],"right_children":[-1],"split_conditions":[9.2642654E-7],"split_indices":[0],"split_type":[0],"sum_hessian":[2E1],"tree_param":{"num_deleted":"0","num_feature":"8","num_nodes":"1","size_leaf_vector":"0"}},{"base_weights":[3.0880883E-6],"categories":[],"categories_nodes":[],"categories_segments":[],"categories_sizes":[],"default_left":[false],"id":68,"left_children":[-1],"loss_changes":[7.727038E-7],"parents":[2147483647],"right_children":[-1],"split_conditions":[9.2642654E-7],"split_indices":[0],"split_type":[0],"sum_hessian":[2E1],"tree_param":{"num_deleted":"0","num_feature":"8","num_nodes":"1","size_leaf_vector":"0"}},{"base_weights":[3.0880883E-6],"categories":[],"categories_nodes":[],"categories_segments":[],"categories_sizes":[],"default_left":[false],"id":69,"left_children":[-1],"loss_changes":[7.727038E-7],"parents":[2147483647],"right_children":[-1],"split_conditions":[9.2642654E-7],"split_indices":[0],"split_type":[0],"sum_hessian":[2E1],"tree_param":{"num_deleted":"0","num_feature":"8","num_nodes":"1","size_leaf_vector":"0"}},{"base_weights":[3.0880883E-6],"categories":[],"categories_nodes":[],"categories_segments":[],"categories_sizes":[],"default_left":[false],"id":70,"left_children":[-1],"loss_changes":[7.727038E-7],"parents":[2147483647],"right_children":[-1],"split_conditions":[9.2642654E-7],"split_indices":[0],"split_type":[0],"sum_hessian":[2E1],"tree_param":{"num_deleted":"0","num_feature":"8","num_nodes":"1","size_leaf_vector":"0"}},{"base_weights":[3.0880883E-6],"categories":[],"categories_nodes":[],"categories_segments":[],"categories_sizes":[],"default_left":[false],"id":71,"left_children":[-1],"loss_changes":[7.727038E-7],"parents":[2147483647],"right_children":[-1],"split_conditions":[9.2642654E-7],"split_indices":[0],"split_type":[0],"sum_hessian":[2E1],"tree_param":{"num_deleted":"0","num_feature":"8","num_nodes":"1","size_leaf_vector":"0"}},{"base_weights":[3.0880883E-6],"categories":[],"categories_nodes":[],"categories_segments":[],"categories_sizes":[],"default_left":[false],"id":72,"left_children":[-1],"loss_changes":[7.727038E-7],"parents":[2147483647],"right_children":[-1],"split_conditions":[9.2642654E-7],"split_indices":[0],"split_type":[0],"sum_hessian":[2E1],"tree_param":{"num_deleted":"0","num_feature":"8","num_nodes":"1","size_leaf_vector":"0"}},{"base_weights":[3.0880883E-6],"categories":[],"categories_nodes":[],"categories_segments":[],"categories_sizes":[],"default_left":[false],"id":73,"left_children":[-1],"loss_changes":[7.727038E-7],"parents":[2147483647],"right_children":[-1],"split_conditions":[9.2642654E-7],"split_indices":[0],"split_type":[0],"sum_hessian":[2E1],"tree_param":{"num_deleted":"0","num_feature":"8","num_nodes":"1","size_leaf_vector":"0"}},{"base_weights":[3.0880883E-6],"categories":[],"categories_nodes":[],"categories_segments":[],"categories_sizes":[],"default_left":[false],"id":74,"left_children":[-1],"loss_changes":[7.727038E-7],"parents":[2147483647],"right_children":[-1],"split_conditions":[9.2642654E-7],"split_indices":[0],"split_type":[0],"sum_hessian":[2E1],"tree_param":{"num_deleted":"0","num_feature":"8","num_nodes":"1","size_leaf_vector":"0"}},{"base_weights":[3.0880883E-6],"categories":[],"categories_nodes":[],"categories_segments":[],"categories_sizes":[],"default_left":[false],"id":75,"left_children":[-1],"loss_changes":[7.727038E-7],"parents":[2147483647],"right_children":[-1],"split_conditions":[9.2642654E-7],"split_indices":[0],"split_type":[0],"sum_hessian":[2E1],"tree_param":{"num_deleted":"0","num_feature":"8","num_nodes":"1","size_leaf_vector":"0"}},{"base_weights":[3.0880883E-6],"categories":[],"categories_nodes":[],"categories_segments":[],"categories_sizes":[],"default_left":[false],"id":76,"left_children":[-1],"loss_changes":[7.727038E-7],"parents":[2147483647],"right_children":[-1],"split_conditions":[9.2642654E-7],"split_indices":[0],"split_type":[0],"sum_hessian":[2E1],"tree_param":{"num_deleted":"0","num_feature":"8","num_nodes":"1","size_leaf_vector":"0"}},{"base_weights":[3.0880883E-6],"categories":[],"categories_nodes":[],"categories_segments":[],"categories_sizes":[],"default_left":[false],"id":77,"left_children":[-1],"loss_changes":[7.727038E-7],"parents":[2147483647],"right_children":[-1],"split_conditions":[9.2642654E-7],"split_indices":[0],"split_type":[0],"sum_hessian":[2E1],"tree_param":{"num_deleted":"0","num_feature":"8","num_nodes":"1","size_leaf_vector":"0"}},{"base_weights":[3.0880883E-6],"categories":[],"categories_nodes":[],"categories_segments":[],"categories_sizes":[],"default_left":[false],"id":78,"left_children":[-1],"loss_changes":[7.727038E-7],"parents":[2147483647],"right_children":[-1],"split_conditions":[9.2642654E-7],"split_indices":[0],"split_type":[0],"sum_hessian":[2E1],"tree_param":{"num_deleted":"0","num_feature":"8","num_nodes":"1","size_leaf_vector":"0"}},{"base_weights":[3.0880883E-6],"categories":[],"categories_nodes":[],"categories_segments":[],"categories_sizes":[],"default_left":[false],"id":79,"left_children":[-1],"loss_changes":[7.727038E-7],"parents":[2147483647],"right_children":[-1],"split_conditions":[9.2642654E-7],"split_indices":[0],"split_type":[0],"sum_hessian":[2E1],"tree_param":{"num_deleted":"0","num_feature":"8","num_nodes":"1","size_leaf_vector":"0"}},{"base_weights":[3.0880883E-6],"categories":[],"categories_nodes":[],"categories_segments":[],"categories_sizes":[],"default_left":[false],"id":80,"left_children":[-1],"loss_changes":[7.727038E-7],"parents":[2147483647],"right_children":[-1],"split_conditions":[9.2642654E-7],"split_indices":[0],"split_type":[0],"sum_hessian":[2E1],"tree_param":{"num_deleted":"0","num_feature":"8","num_nodes":"1","size_leaf_vector":"0"}},{"base_weights":[3.0880883E-6],"categories":[],"categories_nodes":[],"categories_segments":[],"categories_sizes":[],"default_left":[false],"id":81,"left_children":[-1],"loss_changes":[7.727038E-7],"parents":[2147483647],"right_children":[-1],"split_conditions":[9.2642654E-7],"split_indices":[0],"split_type":[0],"sum_hessian":[2E1],"tree_param":{"num_deleted":"0","num_feature":"8","num_nodes":"1","size_leaf_vector":"0"}},{"base_weights":[3.0880883E-6],"categories":[],"categories_nodes":[],"categories_segments":[],"categories_sizes":[],"default_left":[false],"id":82,"left_children":[-1],"loss_changes":[7.727038E-7],"parents":[2147483647],"right_children":[-1],"split_conditions":[9.2642654E-7],"split_indices":[0],"split_type":[0],"sum_hessian":[2E1],"tree_param":{"num_deleted":"0","num_feature":"8","num_nodes":"1","size_leaf_vector":"0"}},{"base_weights":[3.0880883E-6],"categories":[],"categories_nodes":[],"categories_segments":[],"categories_sizes":[],"default_left":[false],"id":83,"left_children":[-1],"loss_changes":[7.727038E-7],"parents":[2147483647],"right_children":[-1],"split_conditions":[9.2642654E-7],"split_indices":[0],"split_type":[0],"sum_hessian":[2E1],"tree_param":{"num_deleted":"0","num_feature":"8","num_nodes":"1","size_leaf_vector":"0"}},{"base_weights":[3.0880883E-6],"categories":[],"categories_nodes":[],"categories_segments":[],"categories_sizes":[],"default_left":[false],"id":84,"left_children":[-1],"loss_changes":[7.727038E-7],"parents":[2147483647],"right_children":[-1],"split_conditions":[9.2642654E-7],"split_indices":[0],"split_type":[0],"sum_hessian":[2E1],"tree_param":{"num_deleted":"0","num_feature":"8","num_nodes":"1","size_leaf_vector":"0"}},{"base_weights":[3.0880883E-6],"categories":[],"categories_nodes":[],"categories_segments":[],"categories_sizes":[],"default_left":[false],"id":85,"left_children":[-1],"loss_changes":[7.727038E-7],"parents":[2147483647],"right_children":[-1],"split_conditions":[9.2642654E-7],"split_indices":[0],"split_type":[0],"sum_hessian":[2E1],"tree_param":{"num_deleted":"0","num_feature":"8","num_nodes":"1","size_leaf_vector":"0"}},{"base_weights":[3.0880883E-6],"categories":[],"categories_nodes":[],"categories_segments":[],"categories_sizes":[],"default_left":[false],"id":86,"left_children":[-1],"loss_changes":[7.727038E-7],"parents":[2147483647],"right_children":[-1],"split_conditions":[9.2642654E-7],"split_indices":[0],"split_type":[0],"sum_hessian":[2E1],"tree_param":{"num_deleted":"0","num_feature":"8","num_nodes":"1","size_leaf_vector":"0"}},{"base_weights":[3.0880883E-6],"categories":[],"categories_nodes":[],"categories_segments":[],"categories_sizes":[],"default_left":[false],"id":87,"left_children":[-1],"loss_changes":[7.727038E-7],"parents":[2147483647],"right_children":[-1],"split_conditions":[9.2642654E-7],"split_indices":[0],"split_type":[0],"sum_hessian":[2E1],"tree_param":{"num_deleted":"0","num_feature":"8","num_nodes":"1","size_leaf_vector":"0"}},{"base_weights":[3.0880883E-6],"categories":[],"categories_nodes":[],"categories_segments":[],"categories_sizes":[],"default_left":[false],"id":88,"left_children":[-1],"loss_changes":[7.727038E-7],"parents":[2147483647],"right_children":[-1],"split_conditions":[9.2642654E-7],"split_indices":[0],"split_type":[0],"sum_hessian":[2E1],"tree_param":{"num_deleted":"0","num_feature":"8","num_nodes":"1","size_leaf_vector":"0"}},{"base_weights":[3.0880883E-6],"categories":[],"categories_nodes":[],"categories_segments":[],"categories_sizes":[],"default_left":[false],"id":89,"left_children":[-1],"loss_changes":[7.727038E-7],"parents":[2147483647],"right_children":[-1],"split_conditions":[9.2642654E-7],"split_indices":[0],"split_type":[0],"sum_hessian":[2E1],"tree_param":{"num_deleted":"0","num_feature":"8","num_nodes":"1","size_leaf_vector":"0"}},{"base_weights":[3.0880883E-6],"categories":[],"categories_nodes":[],"categories_segments":[],"categories_sizes":[],"default_left":[false],"id":90,"left_children":[-1],"loss_changes":[7.727038E-7],"parents":[2147483647],"right_children":[-1],"split_conditions":[9.2642654E-7],"split_indices":[0],"split_type":[0],"sum_hessian":[2E1],"tree_param":{"num_deleted":"0","num_feature":"8","num_nodes":"1","size_leaf_vector":"0"}},{"base_weights":[3.0880883E-6],"categories":[],"categories_nodes":[],"categories_segments":[],"categories_sizes":[],"default_left":[false],"id":91,"left_children":[-1],"loss_changes":[7.727038E-7],"parents":[2147483647],"right_children":[-1],"split_conditions":[9.2642654E-7],"split_indices":[0],"split_type":[0],"sum_hessian":[2E1],"tree_param":{"num_deleted":"0","num_feature":"8","num_nodes":"1","size_leaf_vector":"0"}},{"base_weights":[3.0880883E-6],"categories":[],"categories_nodes":[],"categories_segments":[],"categories_sizes":[],"default_left":[false],"id":92,"left_children":[-1],"loss_changes":[7.727038E-7],"parents":[2147483647],"right_children":[-1],"split_conditions":[9.2642654E-7],"split_indices":[0],"split_type":[0],"sum_hessian":[2E1],"tree_param":{"num_deleted":"0","num_feature":"8","num_nodes":"1","size_leaf_vector":"0"}},{"base_weights":[3.0880883E-6],"categories":[],"categories_nodes":[],"categories_segments":[],"categories_sizes":[],"default_left":[false],"id":93,"left_children":[-1],"loss_changes":[7.727038E-7],"parents":[2147483647],"right_children":[-1],"split_conditions":[9.2642654E-7],"split_indices":[0],"split_type":[0],"sum_hessian":[2E1],"tree_param":{"num_deleted":"0","num_feature":"8","num_nodes":"1","size_leaf_vector":"0"}},{"base_weights":[3.0880883E-6],"categories":[],"categories_nodes":[],"categories_segments":[],"categories_sizes":[],"default_left":[false],"id":94,"left_children":[-1],"loss_changes":[7.727038E-7],"parents":[2147483647],"right_children":[-1],"split_conditions":[9.2642654E-7],"split_indices":[0],"split_type":[0],"sum_hessian":[2E1],"tree_param":{"num_deleted":"0","num_feature":"8","num_nodes":"1","size_leaf_vector":"0"}},{"base_weights":[3.0880883E-6],"categories":[],"categories_nodes":[],"categories_segments":[],"categories_sizes":[],"default_left":[false],"id":95,"left_children":[-1],"loss_changes":[7.727038E-7],"parents":[2147483647],"right_children":[-1],"split_conditions":[9.2642654E-7],"split_indices":[0],"split_type":[0],"sum_hessian":[2E1],"tree_param":{"num_deleted":"0","num_feature":"8","num_nodes":"1","size_leaf_vector":"0"}},{"base_weights":[3.0880883E-6],"categories":[],"categories_nodes":[],"categories_segments":[],"categories_sizes":[],"default_left":[false],"id":96,"left_children":[-1],"loss_changes":[7.727038E-7],"parents":[2147483647],"right_children":[-1],"split_conditions":[9.2642654E-7],"split_indices":[0],"split_type":[0],"sum_hessian":[2E1],"tree_param":{"num_deleted":"0","num_feature":"8","num_nodes":"1","size_leaf_vector":"0"}},{"base_weights":[3.0880883E-6],"categories":[],"categories_nodes":[],"categories_segments":[],"categories_sizes":[],"default_left":[false],"id":97,"left_children":[-1],"loss_changes":[7.727038E-7],"parents":[2147483647],"right_children":[-1],"split_conditions":[9.2642654E-7],"split_indices":[0],"split_type":[0],"sum_hessian":[2E1],"tree_param":{"num_deleted":"0","num_feature":"8","num_nodes":"1","size_leaf_vector":"0"}},{"base_weights":[3.0880883E-6],"categories":[],"categories_nodes":[],"categories_segments":[],"categories_sizes":[],"default_left":[false],"id":98,"left_children":[-1],"loss_changes":[7.727038E-7],"parents":[2147483647],"right_children":[-1],"split_conditions":[9.2642654E-7],"split_indices":[0],"split_type":[0],"sum_hessian":[2E1],"tree_param":{"num_deleted":"0","num_feature":"8","num_nodes":"1","size_leaf_vector":"0"}},{"base_weights":[3.0880883E-6],"categories":[],"categories_nodes":[],"categories_segments":[],"categories_sizes":[],"default_left":[false],"id":99,"left_children":[-1],"loss_changes":[7.727038E-7],"parents":[2147483647],"right_children":[-1],"split_conditions":[9.2642654E-7],"split_indices":[0],"split_type":[0],"sum_hessian":[2E1],"tree_param":{"num_deleted":"0","num_feature":"8","num_nodes":"1","size_leaf_vector":"0"}}]},"name":"gbtree"},"learner_model_param":{"base_score":"5E-1","num_class":"0","num_feature":"8"},"objective":{"name":"reg:squarederror","reg_loss_param":{"scale_pos_weight":"1"}}},"version":[1,4,2]}